manufacturer,age_bracket,listing_count,avg_price,pct_of_benchmark,avg_price_per_mile
ACURA,13+ years,2320,9876.0,100.0,30.0925
ACURA,4-7 years,1343,35647.0,100.0,28.9588
ACURA,8-12 years,1944,23929.0,100.0,14.1571
ALFA-ROMEO,13+ years,29,15674.0,100.0,0.4795
ALFA-ROMEO,4-7 years,139,33743.0,100.0,6.4559
ALFA-ROMEO,8-12 years,692,28653.0,100.0,1.3845
ASTON-MARTIN,8-12 years,10,58666.0,100.0,2.5938
AUDI,13+ years,2361,12375.0,100.0,5.1606
AUDI,4-7 years,611,47052.0,100.0,11.5987
AUDI,8-12 years,4045,29029.0,100.0,5.5161
BMW,13+ years,6543,12369.0,100.0,20.6528
BMW,4-7 years,768,43158.0,100.0,5.3936
BMW,8-12 years,6140,26260.0,100.0,6.0114
BUICK,13+ years,2495,7356.0,100.0,36.6591
BUICK,4-7 years,880,30281.0,100.0,370.4523
BUICK,8-12 years,1691,19384.0,100.0,6.6377
CADILLAC,13+ years,3159,10628.0,100.0,39.5709
CADILLAC,4-7 years,1121,38384.0,100.0,48.153
CADILLAC,8-12 years,2053,26754.0,100.0,0.8364
CHEVROLET,13+ years,26391,13065.0,100.0,91.9379
CHEVROLET,4-7 years,4948,37186.0,100.0,566.2851
CHEVROLET,8-12 years,17815,25454.0,100.0,251.5853
CHRYSLER,13+ years,3265,6233.0,100.0,21.7153
CHRYSLER,4-7 years,271,28829.0,100.0,137.4475
CHRYSLER,8-12 years,1959,16231.0,100.0,5.0528
DATSUN,13+ years,63,15150.0,100.0,62.6179
DODGE,13+ years,5798,9174.0,100.0,69.0943
DODGE,4-7 years,1419,31543.0,100.0,57.4962
DODGE,8-12 years,4859,19542.0,100.0,40.9928
FERRARI,13+ years,54,91037.0,100.0,6.1179
FIAT,13+ years,269,6767.0,100.0,6.8663
FIAT,4-7 years,51,19835.0,100.0,3.7075
FIAT,8-12 years,439,14635.0,100.0,1.45
FORD,13+ years,32950,12836.0,100.0,86.7044
FORD,4-7 years,6638,40246.0,100.0,248.6214
FORD,8-12 years,23148,27050.0,100.0,70.0062
GMC,13+ years,7151,13756.0,100.0,81.5491
GMC,4-7 years,1786,46194.0,100.0,50.9836
GMC,8-12 years,6029,32276.0,100.0,158.0588
HARLEY-DAVIDSON,13+ years,95,13561.0,100.0,12.2738
HARLEY-DAVIDSON,8-12 years,36,13522.0,100.0,4.0015
HONDA,13+ years,12609,7204.0,100.0,14.696
HONDA,4-7 years,1638,26288.0,100.0,115.2843
HONDA,8-12 years,5059,17554.0,100.0,0.7493
HYUNDAI,13+ years,4051,6858.0,100.0,19.6684
HYUNDAI,4-7 years,1025,23064.0,100.0,14.8632
HYUNDAI,8-12 years,3939,14071.0,100.0,10.2787
INFINITI,13+ years,1825,11345.0,100.0,11.1302
INFINITI,4-7 years,715,35104.0,100.0,5.5194
INFINITI,8-12 years,1829,25334.0,100.0,25.5704
JAGUAR,13+ years,573,11627.0,100.0,87.6901
JAGUAR,4-7 years,336,43344.0,100.0,164.0546
JAGUAR,8-12 years,976,30768.0,100.0,1.6729
JEEP,13+ years,7687,11843.0,100.0,57.1135
JEEP,4-7 years,1849,34272.0,100.0,147.4191
JEEP,8-12 years,7412,24226.0,100.0,10.416
KIA,13+ years,2536,6503.0,100.0,11.8951
KIA,4-7 years,1119,21677.0,100.0,166.8396
KIA,8-12 years,3687,13665.0,100.0,4.9031
LAND ROVER,13+ years,10,11814.0,100.0,0.0962
LEXUS,13+ years,4104,12872.0,100.0,17.4381
LEXUS,4-7 years,538,37600.0,100.0,9.8904
LEXUS,8-12 years,2941,27791.0,100.0,30.3466
LINCOLN,13+ years,1698,8774.0,100.0,28.9684
LINCOLN,4-7 years,668,37280.0,100.0,8.8079
LINCOLN,8-12 years,1577,26017.0,100.0,6.4658
MAZDA,13+ years,2579,6866.0,100.0,21.449
MAZDA,4-7 years,555,28604.0,100.0,10.091
MAZDA,8-12 years,1800,17789.0,100.0,32.1657
MERCEDES-BENZ,13+ years,5329,13361.0,100.0,5.9291
MERCEDES-BENZ,4-7 years,417,48282.0,100.0,161.4381
MERCEDES-BENZ,8-12 years,4221,28984.0,100.0,103.5175
MERCURY,13+ years,1118,5622.0,100.0,19.8817
MINI,13+ years,1140,8852.0,100.0,10.0209
MINI,4-7 years,327,30144.0,100.0,23.2837
MINI,8-12 years,741,17944.0,100.0,18.6114
MITSUBISHI,13+ years,1027,8725.0,100.0,10.0316
MITSUBISHI,4-7 years,893,18467.0,100.0,269.7029
MITSUBISHI,8-12 years,1079,16538.0,100.0,0.847
NISSAN,13+ years,7945,7207.0,100.0,19.1189
NISSAN,4-7 years,1908,24617.0,100.0,34.5225
NISSAN,8-12 years,6997,16098.0,100.0,45.6168
PONTIAC,13+ years,2192,8282.0,100.0,41.3975
PORSCHE,13+ years,765,24332.0,100.0,8.665
PORSCHE,4-7 years,16,85556.0,100.0,53.6162
PORSCHE,8-12 years,464,42060.0,100.0,1.3689
RAM,13+ years,5569,18744.0,100.0,95.5585
RAM,4-7 years,2737,42057.0,100.0,36.0674
RAM,8-12 years,7587,33595.0,100.0,105.224
ROVER,13+ years,793,15542.0,100.0,1.8201
ROVER,4-7 years,227,52137.0,100.0,69.3183
ROVER,8-12 years,921,34135.0,100.0,3.277
SATURN,13+ years,1057,5153.0,100.0,16.7596
SUBARU,13+ years,4537,8061.0,100.0,42.6393
SUBARU,4-7 years,921,27007.0,100.0,159.4977
SUBARU,8-12 years,3333,17929.0,100.0,15.2409
TESLA,13+ years,209,31570.0,100.0,0.5366
TESLA,4-7 years,347,40435.0,100.0,4.8667
TESLA,8-12 years,274,44019.0,100.0,2.1029
TOYOTA,13+ years,17895,10229.0,100.0,32.001
TOYOTA,4-7 years,3073,33390.0,100.0,791.1224
TOYOTA,8-12 years,9682,24713.0,100.0,28.3572
VOLKSWAGEN,13+ years,4082,8540.0,100.0,45.2469
VOLKSWAGEN,4-7 years,1280,22668.0,100.0,41.9895
VOLKSWAGEN,8-12 years,3344,15337.0,100.0,11.8843
VOLVO,13+ years,1593,7076.0,100.0,38.367
VOLVO,4-7 years,526,38778.0,100.0,166.1476
VOLVO,8-12 years,1036,25520.0,100.0,32.6788
