age_bracket,mileage_bucket,listing_count,avg_price,avg_pct_of_benchmark,great_deal_count,great_deal_pct
13+ years,150k+,61794,7776.0,70.0,48039,77.7
8-12 years,100-150k,21820,19348.0,79.5,6193,28.4
8-12 years,150k+,5663,22494.0,85.6,1549,27.4
4-7 years,100-150k,170,32651.0,87.4,10,5.9
8-12 years,60-100k,39923,21816.0,90.0,8336,20.9
4-7 years,60-100k,958,33391.0,90.5,87,9.1
4-7 years,30-60k,6969,32391.0,92.0,559,8.0
13+ years,100-150k,65716,10107.0,93.5,41699,63.5
4-7 years,0-30k,32982,35642.0,102.1,1535,4.7
8-12 years,30-60k,41157,26201.0,108.1,5065,12.3
8-12 years,0-30k,31204,29137.0,119.3,2242,7.2
13+ years,60-100k,37736,13725.0,123.3,17814,47.2
13+ years,0-30k,8631,18802.0,158.1,3590,41.6
13+ years,30-60k,12001,19481.0,168.0,3582,29.8
