state,manufacturer,state_avg_price,national_median_price,pct_vs_national,state_count
ME,ALFA-ROMEO,5082.0,29566.0,-82.8,6
ME,ACURA,4721.0,19634.0,-76.0,13
ID,JAGUAR,7206.0,28542.0,-74.8,6
ME,KIA,3374.0,11560.0,-70.8,50
DE,VOLVO,4662.0,14054.0,-66.8,11
VT,BUICK,4942.0,12870.0,-61.6,9
WA,JAGUAR,11364.0,28542.0,-60.2,10
ME,ROVER,10362.0,25767.0,-59.8,11
WA,LINCOLN,7649.0,18954.0,-59.6,33
VT,ACURA,8444.0,19634.0,-57.0,13
ME,MERCEDES-BENZ,8423.0,18756.0,-55.1,38
HI,ACURA,8813.0,19634.0,-55.1,70
NH,ROVER,11764.0,25767.0,-54.3,8
CT,MERCURY,2008.0,4386.0,-54.2,42
WA,VOLVO,6432.0,14054.0,-54.2,49
ME,AUDI,11409.0,24825.0,-54.0,49
WA,ACURA,9027.0,19634.0,-54.0,90
NH,JAGUAR,13654.0,28542.0,-52.2,12
AR,MERCURY,2130.0,4386.0,-51.4,10
UT,LINCOLN,9373.0,18954.0,-50.5,5
SD,MAZDA,5175.0,10247.0,-49.5,6
ME,LINCOLN,9665.0,18954.0,-49.0,7
NH,INFINITI,11092.0,21311.0,-48.0,13
NH,ACURA,10371.0,19634.0,-47.2,26
SD,MITSUBISHI,8307.0,15463.0,-46.3,6
ME,LEXUS,10812.0,20031.0,-46.0,14
NH,MITSUBISHI,8501.0,15463.0,-45.0,18
VT,PORSCHE,16282.0,29488.0,-44.8,7
OR,JAGUAR,15784.0,28542.0,-44.7,21
AK,MERCURY,2440.0,4386.0,-44.4,5
