manufacturer,condition,listing_count,avg_price,pct_of_make_avg
ACURA,good,3238,26736.0,206.0
ACURA,like new,140,12935.0,99.6
ACURA,excellent,893,11766.0,90.6
ACURA,new,10,11041.0,85.0
ACURA,fair,71,2431.0,18.7
ALFA-ROMEO,good,692,29859.0,108.2
ALFA-ROMEO,excellent,30,28386.0,102.9
ALFA-ROMEO,like new,13,24548.0,88.9
AUDI,good,3391,31081.0,176.9
AUDI,like new,284,20634.0,117.5
AUDI,excellent,1357,15519.0,88.3
AUDI,fair,48,3030.0,17.2
BMW,good,4784,26023.0,152.6
BMW,new,21,21759.0,127.6
BMW,like new,670,17503.0,102.6
BMW,excellent,3299,15853.0,93.0
BMW,fair,135,4125.0,24.2
BUICK,good,1996,21155.0,169.4
BUICK,new,14,16026.0,128.3
BUICK,like new,267,11315.0,90.6
BUICK,excellent,1113,11241.0,90.0
BUICK,fair,98,2717.0,21.8
CADILLAC,good,2433,26581.0,171.4
CADILLAC,like new,350,17612.0,113.6
CADILLAC,excellent,1340,14047.0,90.6
CADILLAC,fair,85,3788.0,24.4
CHEVROLET,new,146,39703.0,216.2
CHEVROLET,like new,2886,23278.0,126.8
CHEVROLET,good,14535,21008.0,114.4
CHEVROLET,excellent,11609,16977.0,92.5
CHEVROLET,salvage,63,4620.0,25.2
CHEVROLET,fair,1036,4578.0,24.9
CHRYSLER,good,1521,12215.0,140.5
CHRYSLER,like new,311,10625.0,122.2
CHRYSLER,excellent,1530,9701.0,111.5
CHRYSLER,fair,101,2246.0,25.8
DATSUN,excellent,22,18084.0,100.0
DODGE,good,3230,19080.0,156.6
DODGE,new,49,18690.0,153.4
DODGE,like new,679,15425.0,126.6
DODGE,excellent,2822,13668.0,112.2
DODGE,fair,251,3602.0,29.6
DODGE,salvage,32,2657.0,21.8
FERRARI,good,11,94659.0,100.9
FERRARI,excellent,12,93063.0,99.1
FIAT,good,325,17747.0,146.1
FIAT,like new,55,10215.0,84.1
FIAT,excellent,169,8472.0,69.8
FORD,new,134,30142.0,183.5
FORD,like new,3169,23058.0,140.4
FORD,good,15320,19113.0,116.4
FORD,excellent,15416,18289.0,111.4
FORD,fair,1189,4245.0,25.8
FORD,salvage,98,3696.0,22.5
GMC,new,35,36852.0,182.3
GMC,like new,643,26867.0,132.9
GMC,good,4871,25083.0,124.1
GMC,excellent,3003,21079.0,104.3
GMC,salvage,17,6979.0,34.5
GMC,fair,266,4405.0,21.8
HARLEY-DAVIDSON,excellent,49,16400.0,123.0
HARLEY-DAVIDSON,like new,14,12714.0,95.4
HARLEY-DAVIDSON,good,12,10887.0,81.7
HONDA,good,5071,13176.0,145.6
HONDA,new,66,12824.0,141.7
HONDA,like new,1111,12367.0,136.6
HONDA,excellent,5644,10393.0,114.8
HONDA,salvage,37,2830.0,31.3
HONDA,fair,391,2719.0,30.0
HYUNDAI,good,2703,15282.0,166.4
HYUNDAI,like new,487,10553.0,114.9
HYUNDAI,excellent,2367,9306.0,101.3
HYUNDAI,new,23,8487.0,92.4
HYUNDAI,fair,74,2294.0,25.0
INFINITI,good,2402,25979.0,184.0
INFINITI,like new,198,13947.0,98.8
INFINITI,excellent,759,13486.0,95.5
INFINITI,fair,20,3058.0,21.7
JAGUAR,good,1202,31693.0,173.8
JAGUAR,like new,60,18333.0,100.5
JAGUAR,excellent,253,16440.0,90.2
JAGUAR,fair,28,6478.0,35.5
JEEP,new,45,42172.0,225.2
JEEP,like new,909,22684.0,121.2
JEEP,good,4508,21812.0,116.5
JEEP,excellent,4118,16653.0,88.9
JEEP,salvage,17,5114.0,27.3
JEEP,fair,258,3904.0,20.8
KIA,good,2273,15856.0,147.7
KIA,new,20,13933.0,129.8
KIA,like new,469,11015.0,102.6
KIA,excellent,1823,9888.0,92.1
KIA,fair,39,2979.0,27.7
LEXUS,good,2953,25169.0,150.4
LEXUS,new,22,22604.0,135.1
LEXUS,like new,348,19148.0,114.5
LEXUS,excellent,1781,14208.0,84.9
LEXUS,fair,31,2519.0,15.1
LINCOLN,good,1934,26780.0,186.1
LINCOLN,like new,189,15634.0,108.7
LINCOLN,excellent,769,12187.0,84.7
LINCOLN,fair,39,2954.0,20.5
MAZDA,good,1925,18469.0,174.4
MAZDA,like new,226,11657.0,110.1
MAZDA,excellent,1215,9654.0,91.2
MAZDA,fair,70,2580.0,24.4
MERCEDES-BENZ,new,21,30833.0,180.5
MERCEDES-BENZ,good,2764,26418.0,154.6
MERCEDES-BENZ,like new,587,21575.0,126.3
MERCEDES-BENZ,excellent,2779,16888.0,98.8
MERCEDES-BENZ,fair,99,3910.0,22.9
MERCEDES-BENZ,salvage,12,2887.0,16.9
MERCURY,like new,62,7180.0,128.7
MERCURY,excellent,374,7052.0,126.5
MERCURY,good,305,5082.0,91.1
MERCURY,fair,67,2994.0,53.7
MINI,good,839,20301.0,140.2
MINI,like new,133,11861.0,81.9
MINI,excellent,563,11269.0,77.8
MITSUBISHI,new,65,21312.0,172.7
MITSUBISHI,good,1376,18657.0,151.2
MITSUBISHI,like new,125,10800.0,87.5
MITSUBISHI,excellent,579,8437.0,68.4
MITSUBISHI,fair,59,2495.0,20.2
NISSAN,new,64,16325.0,154.9
NISSAN,good,4332,15947.0,151.3
NISSAN,like new,1053,12056.0,114.4
NISSAN,excellent,4671,10896.0,103.4
NISSAN,salvage,43,4929.0,46.8
NISSAN,fair,232,3075.0,29.2
PONTIAC,like new,138,11991.0,150.5
PONTIAC,excellent,591,10288.0,129.1
PONTIAC,good,579,6641.0,83.3
PONTIAC,fair,124,2958.0,37.1
PORSCHE,like new,79,40676.0,121.5
PORSCHE,excellent,344,31592.0,94.4
PORSCHE,good,261,28148.0,84.1
RAM,new,30,43726.0,188.5
RAM,like new,601,32633.0,140.7
RAM,good,3753,26923.0,116.1
RAM,excellent,3045,25370.0,109.4
RAM,fair,206,6042.0,26.1
RAM,salvage,11,4473.0,19.3
ROVER,like new,101,30192.0,137.1
ROVER,good,510,28203.0,128.1
ROVER,excellent,499,25140.0,114.1
ROVER,fair,24,4560.0,20.7
SATURN,like new,82,6403.0,133.1
SATURN,good,294,6047.0,125.7
SATURN,excellent,269,5209.0,108.3
SATURN,fair,45,1582.0,32.9
SUBARU,new,41,23798.0,198.9
SUBARU,good,2275,15561.0,130.0
SUBARU,like new,451,14065.0,117.5
SUBARU,excellent,2367,11905.0,99.5
SUBARU,salvage,25,3524.0,29.4
SUBARU,fair,159,2954.0,24.7
TESLA,like new,39,53263.0,122.2
TESLA,excellent,103,40024.0,91.8
TESLA,good,514,37482.0,86.0
TOYOTA,new,81,26745.0,189.3
TOYOTA,good,8964,19320.0,136.8
TOYOTA,like new,1546,16681.0,118.1
TOYOTA,excellent,8277,13992.0,99.1
TOYOTA,salvage,55,4090.0,29.0
TOYOTA,fair,474,3924.0,27.8
VOLKSWAGEN,new,23,26656.0,223.7
VOLKSWAGEN,good,3511,17187.0,144.2
VOLKSWAGEN,like new,418,12242.0,102.7
VOLKSWAGEN,excellent,1986,10195.0,85.6
VOLKSWAGEN,fair,149,2926.0,24.6
VOLKSWAGEN,salvage,12,2296.0,19.3
VOLVO,good,1306,22271.0,187.4
VOLVO,excellent,848,18725.0,157.6
VOLVO,like new,113,15157.0,127.6
VOLVO,fair,80,2281.0,19.2
VOLVO,salvage,10,980.0,8.2
