state,total_listings,avg_price,median_price,great_deals,great_deal_pct,inventory_rank,price_rank
CA,37396,17746.0,14603.0,15877,42.5,1,39
FL,22135,17514.0,14026.0,9540,43.1,2,37
TX,17859,20645.0,18141.0,7638,42.8,3,58
NY,15409,18421.0,15220.0,6543,42.5,4,42
OH,14114,15730.0,11347.0,6056,42.9,5,18
MI,13921,16180.0,11809.0,5758,41.4,6,22
PA,11164,16300.0,11864.0,4654,41.7,7,25
OR,10183,14491.0,10374.0,4297,42.2,8,10
NC,9855,19004.0,16102.0,4121,41.8,9,44
WI,9647,16448.0,13157.0,4135,42.9,10,27
TN,8826,20172.0,18313.0,3538,40.1,11,55
IL,8763,17244.0,13899.0,3769,43.0,12,35
NJ,8503,15360.0,11264.0,3550,41.7,13,12
CO,8067,17436.0,14711.0,3406,42.2,14,36
VA,7145,16390.0,12095.0,2934,41.1,15,26
MA,6893,16114.0,11827.0,2958,42.9,16,21
WA,6819,16022.0,11202.0,2910,42.7,17,19
AZ,6777,19481.0,16397.0,2811,41.5,18,49
OTHER,6704,20879.0,16984.0,0,0.0,19,62
IA,6492,15641.0,12269.0,2640,40.7,20,16
MN,6490,16470.0,14196.0,2745,42.3,21,28
ID,5752,16758.0,12822.0,2356,41.0,22,31
KS,5292,19910.0,16806.0,2182,41.2,23,54
GA,5209,19830.0,18838.0,2140,41.1,24,52
IN,5018,19736.0,17410.0,2066,41.2,25,51
SC,4622,20467.0,18596.0,1888,40.8,26,56
OK,4548,21212.0,18384.0,1887,41.5,27,66
OTHER,4220,44183.0,41281.0,1225,29.0,28,145
CT,4045,15095.0,10364.0,1682,41.6,29,11
AL,3948,20652.0,19291.0,1573,39.8,30,59
MD,3740,19029.0,16441.0,1559,41.7,31,45
MO,3596,22968.0,20458.0,1399,38.9,32,77
KY,3534,19589.0,17460.0,1411,39.9,33,50
NM,3263,21153.0,18606.0,1337,41.0,34,65
MT,3126,18023.0,14173.0,1262,40.4,35,40
OTHER,3020,21275.0,20396.0,1038,34.4,36,67
AR,2946,22328.0,19413.0,1186,40.3,37,71
AK,2945,23221.0,21105.0,1115,37.9,38,83
OTHER,2710,24130.0,20100.0,0,0.0,39,89
NH,2560,15459.0,13104.0,1053,41.1,40,14
NV,2341,19074.0,15560.0,946,40.4,41,46
LA,2322,19360.0,17046.0,920,39.6,42,48
HI,2305,20509.0,18536.0,944,41.0,43,57
ME,2292,13747.0,10376.0,933,40.7,44,8
DC,2282,15677.0,12590.0,943,41.3,45,17
OTHER,1914,28810.0,28804.0,489,25.5,46,115
RI,1881,15428.0,11447.0,775,41.2,47,13
VT,1855,16198.0,13312.0,742,40.0,48,24
OTHER,1851,22452.0,18999.0,36,1.9,49,72
OTHER,1544,24354.0,22699.0,24,1.6,50,91
OTHER,1089,16088.0,13132.0,379,34.8,51,20
OTHER,1039,25852.0,24228.0,406,39.1,52,101
SD,1028,17161.0,13794.0,385,37.5,53,34
OTHER,1000,23135.0,20776.0,36,3.6,54,79
OTHER,978,24090.0,20010.0,36,3.7,55,88
NE,867,17695.0,13453.0,350,40.4,56,38
MS,860,16181.0,12862.0,346,40.2,57,23
WV,802,25365.0,26353.0,279,34.8,58,97
UT,784,19865.0,13722.0,294,37.5,59,53
DE,777,15548.0,9536.0,304,39.1,60,15
OTHER,728,22946.0,19686.0,26,3.6,61,76
OTHER,728,25549.0,22643.0,23,3.2,61,98
OTHER,580,23189.0,21478.0,38,6.6,63,81
OTHER,550,20759.0,18015.0,18,3.3,64,61
OTHER,528,22992.0,20602.0,16,3.0,65,78
OTHER,522,22880.0,19809.0,20,3.8,66,74
WY,476,21029.0,18892.0,185,38.9,67,63
OTHER,468,26901.0,22451.0,21,4.5,68,105
OTHER,436,11493.0,11622.0,183,42.0,69,5
OTHER,414,25783.0,26166.0,14,3.4,70,99
OTHER,408,27505.0,21857.0,18,4.4,71,112
OTHER,405,24135.0,24553.0,25,6.2,72,90
OTHER,396,26269.0,22027.0,11,2.8,73,104
OTHER,360,27494.0,26724.0,10,2.8,74,111
OTHER,352,20713.0,19826.0,10,2.8,75,60
OTHER,350,31292.0,28927.0,13,3.7,76,122
OTHER,344,24450.0,23289.0,117,34.0,77,92
ND,343,16481.0,14508.0,115,33.5,78,30
OTHER,336,31617.0,27663.0,73,21.7,79,124
OTHER,319,16978.0,11885.0,7,2.2,80,33
OTHER,312,25897.0,23998.0,20,6.4,81,102
OTHER,306,25049.0,25101.0,36,11.8,82,94
OTHER,306,27884.0,26123.0,13,4.2,82,114
OTHER,286,23206.0,17748.0,90,31.5,84,82
OTHER,280,13836.0,12924.0,42,15.0,85,9
OTHER,280,27238.0,26998.0,22,7.9,85,110
OTHER,270,30409.0,28917.0,21,7.8,87,120
OTHER,242,29817.0,31930.0,22,9.1,88,118
OTHER,234,25351.0,25096.0,43,18.4,89,96
OTHER,224,35267.0,33666.0,56,25.0,90,134
OTHER,224,27729.0,24711.0,37,16.5,90,113
OTHER,217,23559.0,18739.0,25,11.5,92,86
OTHER,215,12776.0,9997.0,42,19.5,93,7
OTHER,209,32207.0,30927.0,7,3.3,94,127
OTHER,204,36920.0,34905.0,40,19.6,95,138
OTHER,200,32092.0,27556.0,17,8.5,96,126
OTHER,189,29776.0,28913.0,13,6.9,97,117
OTHER,187,23382.0,20998.0,44,23.5,98,85
OTHER,185,11646.0,9995.0,38,20.5,99,6
OTHER,184,31303.0,25232.0,10,5.4,100,123
OTHER,180,331.0,305.0,46,25.6,101,2
OTHER,180,19358.0,14539.0,40,22.2,101,47
OTHER,172,26981.0,23468.0,40,23.3,103,106
OTHER,172,33595.0,31750.0,36,20.9,103,130
OTHER,171,22830.0,23611.0,22,12.9,105,73
OTHER,164,18355.0,17400.0,36,22.0,106,41
OTHER,162,22186.0,18950.0,20,12.3,107,70
OTHER,153,39312.0,42900.0,33,21.6,108,142
OTHER,151,45741.0,46900.0,27,17.9,109,147
OTHER,150,35171.0,41932.0,5,3.3,110,133
OTHER,150,16481.0,16124.0,22,14.7,110,29
OTHER,147,288.0,271.0,3,2.0,112,1
OTHER,144,29675.0,30900.0,16,11.1,113,116
OTHER,142,27010.0,18279.0,21,14.8,114,107
OTHER,139,21051.0,20665.0,30,21.6,115,64
OTHER,138,27046.0,25395.0,19,13.8,116,109
OTHER,138,23228.0,24908.0,16,11.6,116,84
OTHER,135,25324.0,23560.0,18,13.3,118,95
OTHER,134,16953.0,16872.0,1,0.7,119,32
OTHER,128,33454.0,32025.0,34,26.6,120,129
OTHER,122,24987.0,21777.0,17,13.9,121,93
OTHER,118,30595.0,31892.0,21,17.8,122,121
OTHER,113,33451.0,32308.0,16,14.2,123,128
OTHER,111,21524.0,19872.0,23,20.7,124,69
OTHER,111,38572.0,32998.0,12,10.8,124,140
OTHER,108,33998.0,35879.0,11,10.2,126,132
OTHER,106,72985.0,68900.0,11,10.4,127,151
OTHER,106,41054.0,47599.0,10,9.4,127,143
OTHER,104,46213.0,45790.0,14,13.5,129,148
OTHER,100,32069.0,31649.0,22,22.0,130,125
OTHER,99,62632.0,61990.0,23,23.2,131,150
OTHER,93,35726.0,37183.0,19,20.4,132,135
OTHER,92,23177.0,21989.0,24,26.1,133,80
OTHER,88,27016.0,24999.0,23,26.1,134,108
OTHER,85,38630.0,36180.0,16,18.8,135,141
OTHER,84,25792.0,12249.0,17,20.2,136,100
OTHER,80,35956.0,29950.0,6,7.5,137,136
OTHER,80,36458.0,33629.0,16,20.0,137,137
OTHER,77,9051.0,8499.0,5,6.5,139,4
OTHER,76,37135.0,32875.0,14,18.4,140,139
OTHER,76,24089.0,21990.0,0,0.0,140,87
OTHER,72,45469.0,34999.0,8,11.1,142,146
OTHER,70,33703.0,39950.0,8,11.4,143,131
OTHER,69,26163.0,25491.0,18,26.1,144,103
OTHER,66,21358.0,21929.0,12,18.2,145,68
OTHER,66,18481.0,18250.0,9,13.6,145,43
OTHER,59,30196.0,37497.0,2,3.4,147,119
OTHER,58,22898.0,14495.0,21,36.2,148,75
OTHER,56,47040.0,48999.0,19,33.9,149,149
OTHER,55,43663.0,39212.0,0,0.0,150,144
OTHER,52,5919.0,5598.0,6,11.5,151,3
