manufacturer,state,total_listings,great_deals,good_deals,fair_deals,overpriced,pct_good_or_better
CHRYSLER,TX,233,100,16,7,110,49.8
VOLKSWAGEN,NC,225,107,5,7,106,49.8
CHRYSLER,OR,183,79,12,11,81,49.7
CHRYSLER,OH,290,130,14,21,125,49.7
SUBARU,WA,298,139,9,9,141,49.7
JEEP,CT,177,84,4,6,83,49.7
HONDA,TX,706,319,32,15,340,49.7
TOYOTA,GA,437,209,8,8,212,49.7
JEEP,KS,232,93,22,8,109,49.6
DODGE,AL,115,54,3,1,57,49.6
CADILLAC,NC,139,68,1,7,63,49.6
FORD,MT,691,310,33,17,331,49.6
CHEVROLET,DE,117,58,0,4,55,49.6
RAM,KS,226,94,18,14,100,49.6
NISSAN,LA,127,47,16,4,60,49.6
CHEVROLET,HI,119,53,6,11,49,49.6
AUDI,CT,121,56,4,3,58,49.6
HONDA,KS,277,117,20,16,124,49.5
BMW,MO,107,44,9,7,47,49.5
JEEP,GA,194,90,6,4,94,49.5
DODGE,CA,1020,475,30,31,484,49.5
MITSUBISHI,CA,285,132,9,6,138,49.5
ACURA,NY,277,116,21,16,124,49.5
MITSUBISHI,PA,93,46,0,4,43,49.5
FORD,WY,111,48,7,3,53,49.5
FORD,ND,103,42,9,7,45,49.5
HONDA,MO,97,47,1,9,40,49.5
MERCEDES-BENZ,CT,93,45,1,5,42,49.5
CHRYSLER,MA,89,39,5,1,44,49.4
ACURA,KY,79,33,6,7,33,49.4
CADILLAC,IN,85,37,5,3,40,49.4
MITSUBISHI,TN,85,26,16,2,41,49.4
NISSAN,MA,338,134,33,12,159,49.4
MINI,HI,79,25,14,13,27,49.4
LEXUS,CA,1101,502,42,37,520,49.4
FORD,ID,1037,466,46,28,497,49.4
LINCOLN,AZ,81,36,4,4,37,49.4
HONDA,FL,1054,449,72,35,498,49.4
DODGE,TX,624,286,22,15,301,49.4
KIA,PA,249,107,16,6,120,49.4
