manufacturer,state,price,condition,vehicle_age,odometer,cohort_avg_price,z_score,outlier_flag
TESLA,CA,361.0,,13,95911.0,32336.0,-11.19,significant_bargain
ALFA-ROMEO,NC,1000.0,like new,9,33000.0,27477.0,-7.58,significant_bargain
JAGUAR,NC,450.0,new,6,400.0,43995.0,-6.8,significant_bargain
MITSUBISHI,FL,131.0,excellent,7,36344.0,19311.0,-6.0,significant_bargain
INFINITI,NY,449.0,new,5,10.0,35812.0,-5.93,significant_bargain
INFINITI,IL,517.0,,6,16183.0,35812.0,-5.92,significant_bargain
INFINITI,OR,563.0,,6,27784.0,35812.0,-5.91,significant_bargain
MITSUBISHI,FL,1490.0,,6,36000.0,19311.0,-5.57,significant_bargain
MINI,HI,425.0,,5,709.0,31054.0,-5.3,significant_bargain
MINI,HI,425.0,,5,709.0,31054.0,-5.3,significant_bargain
TESLA,OR,563.0,,13,34162.0,29770.0,-5.15,significant_bargain
BMW,IL,494.0,,7,30975.0,34762.0,-5.03,significant_bargain
BMW,IL,494.0,,7,30975.0,34762.0,-5.03,significant_bargain
INFINITI,WA,424.0,,9,26910.0,28542.0,-4.95,significant_bargain
ACURA,MI,11950.0,,7,34770.0,35874.0,-4.75,significant_bargain
ACURA,NJ,11950.0,,7,34770.0,35874.0,-4.75,significant_bargain
MINI,CA,191.0,,8,27401.0,22268.0,-4.71,significant_bargain
MINI,OTHER,250.0,,9,20971.0,22268.0,-4.7,significant_bargain
MINI,WI,280.0,excellent,9,19009.0,22268.0,-4.69,significant_bargain
MINI,WI,280.0,excellent,9,19009.0,22268.0,-4.69,significant_bargain
MINI,OR,290.0,,10,28686.0,22268.0,-4.69,significant_bargain
FIAT,CA,171.0,excellent,10,27692.0,19165.0,-4.59,significant_bargain
MITSUBISHI,MA,1.0,new,11,1100.0,20719.0,-4.45,significant_bargain
INFINITI,CA,3500.0,,8,17827.0,28542.0,-4.41,significant_bargain
JAGUAR,PA,199.0,like new,9,73000.0,30239.0,-4.35,significant_bargain
MAZDA,OTHER,307.0,,7,19200.0,28858.0,-4.27,significant_bargain
MAZDA,NY,289.0,new,5,10.0,28858.0,-4.27,significant_bargain
MAZDA,OTHER,281.0,,7,27352.0,28858.0,-4.27,significant_bargain
MAZDA,WA,324.0,excellent,7,27011.0,28858.0,-4.26,significant_bargain
MAZDA,MT,324.0,excellent,7,27011.0,28858.0,-4.26,significant_bargain
MAZDA,WA,324.0,excellent,7,27011.0,28858.0,-4.26,significant_bargain
MAZDA,WA,338.0,excellent,7,27011.0,28858.0,-4.26,significant_bargain
MAZDA,MT,324.0,excellent,7,27011.0,28858.0,-4.26,significant_bargain
MAZDA,OTHER,355.0,,6,4500.0,28858.0,-4.26,significant_bargain
MAZDA,OTHER,360.0,,6,7491.0,28858.0,-4.26,significant_bargain
MAZDA,ID,399.0,,7,25455.0,28858.0,-4.25,significant_bargain
MAZDA,OTHER,435.0,,6,3735.0,28858.0,-4.25,significant_bargain
MAZDA,ID,399.0,,7,25455.0,28858.0,-4.25,significant_bargain
MAZDA,OTHER,407.0,,6,3856.0,28858.0,-4.25,significant_bargain
MAZDA,WA,383.0,,6,5752.0,28858.0,-4.25,significant_bargain
MAZDA,DC,390.0,new,5,1100.0,28858.0,-4.25,significant_bargain
MAZDA,OR,386.0,,7,23325.0,28858.0,-4.25,significant_bargain
MAZDA,OR,435.0,,6,12106.0,28858.0,-4.25,significant_bargain
MAZDA,OR,515.0,,7,4474.0,28858.0,-4.24,significant_bargain
ACURA,FL,1.0,excellent,6,21347.0,35666.0,-4.22,significant_bargain
ACURA,FL,1.0,excellent,6,21347.0,35666.0,-4.22,significant_bargain
MAZDA,OTHER,604.0,,5,230.0,28858.0,-4.22,significant_bargain
ACURA,CT,319.0,,6,10225.0,35666.0,-4.19,significant_bargain
ACURA,HI,337.0,,7,15265.0,35666.0,-4.18,significant_bargain
ACURA,HI,341.0,,7,4022.0,35666.0,-4.18,significant_bargain
